1,BRBR,1156,1772,1860,5800,6404,6902,7033,7459,7563,7565,7567,8276,8882,9045,9046,9047,9048,9049,9050,9110,9162,9163,9165,9166,9169,9175,9178,9195,9196,9199,9218,9219,9302,9305,9458,9459,9460,9461,9484,9485,9486,9487,9602,9603,9611,9614,9617,9657,9675,10034,10040,10064,10078,10082,10090,10092,10102,10130,10155,10164,10175,10179,10209,10214,
2,FLFL,59,108,179,180,744,1523,1744,2152,2383,3164,3242,3627,3932,4091,4388,4562,5410,5472,5557,5872,6686,6743,7403,7500,7652,7717,7833,8066,8581,8791,8817,9040,9066,9085,9164,9168,9200,9244,9402,9404,9604,9693,9725,9779,9787,10096,10123,10171,,,,,,,,,,,,,,,,,
2,PAPI,117,128,291,340,378,578,677,1126,1559,1708,1781,2053,2172,2228,2252,2399,2603,2614,2641,2656,3138,3181,3193,3260,3484,3492,3504,3954,4027,4028,4050,4085,4150,4467,4930,4991,5413,5740,5811,5842,6032,7274,7515,8393,8705,9004,9022,9415,9475,9653,10035,10089,10187,10191,,,,,,,,,,,
5,MNDU1,706,1675,1732,2062,2129,2175,2227,2239,2491,2512,2513,2823,2883,2977,3042,3100,3130,3206,3267,3276,3630,3871,4009,4181,4198,4207,4226,4623,4632,4674,4728,5172,5253,5464,5826,5903,5996,6045,6047,6166,6175,6381,6574,6709,6732,6758,7038,7048,7068,7257,7530,7915,8029,8372,8531,8700,8836,8878,10045,10187,,,,,
5,MNDU2,93,694,930,967,1816,2039,2052,2225,2472,2508,2509,2549,2614,2826,2846,3134,3197,3297,3381,3418,3883,4230,4239,4536,4539,4655,4656,4693,4786,5143,5232,5271,5278,5339,5653,5690,5720,5913,6044,6160,6419,6421,6823,7021,7578,7619,7677,7797,7864,8122,8188,8255,8701,8744,8802,9532,9676,10025,10044,10087,,,,,
1,MXMO,2283,3158,3354,3472,3522,3526,3527,3794,3933,4010,4371,4635,4723,4731,4775,5716,5874,5887,5932,5948,5959,6017,6106,6170,6348,6605,6606,6647,6652,6832,6896,7018,7161,7421,7546,7725,8290,8558,8734,8740,9053,9065,9120,9134,9280,9593,9702,10140,,,,,,,,,,,,,,,,,
4,UTWV,159,1566,1569,2594,3006,3009,3166,3200,3243,3245,3288,3374,3405,4068,4175,4348,4499,4550,4585,4598,4643,4944,5071,5493,5851,5871,5933,6358,6411,7243,7419,7426,7436,7634,7895,7906,8087,8174,8839,8885,9018,9037,9044,9138,9423,10041,10132,10196,,,,,,,,,,,,,,,,,
1,BCVI,359,568,1452,1622,1868,2122,2130,3008,4270,4421,4627,5461,5515,6188,6351,6364,6390,6823,6918,7135,7167,7173,7190,7287,7332,7497,7688,7796,8338,8339,8503,9180,9277,9292,9449,9550,9641,9649,9719,10127,10147,10185,,,,,,,,,,,,,,,,,,,,,,,
1,CAP1,498,581,589,649,687,973,980,987,1159,1515,1661,1678,1828,1836,1891,2375,2429,2543,2584,2637,2984,3128,3328,3374,3512,3749,3759,3863,3925,4201,4415,4419,4481,4501,4711,4738,5199,5419,5817,5835,6036,6658,6764,6995,7323,7327,8005,8119,8159,8533,8768,9114,9408,9452,,,,,,,,,,,
3,CASJ,100,114,115,192,254,368,581,604,649,670,751,766,846,971,972,1072,1351,1678,1700,1868,1967,2135,2367,2473,2489,2643,2813,2854,3256,3482,3501,3669,4014,4135,4171,4765,4990,5027,6036,6059,6506,6619,6822,6962,7413,7528,7709,8404,9006,9114,9125,9202,9400,9470,9504,9564,10093,10133,,,,,,,
1,QCMO,296,2626,3117,3360,3532,3533,3544,3550,3975,3985,3986,3990,3996,4947,4952,4955,5439,5440,5443,5528,5618,5910,6540,6622,6869,6872,6929,7471,7605,7700,8067,8132,8152,8224,9076,9102,9234,9406,9623,9624,10032,10150,,,,,,,,,,,,,,,,,,,,,,,
1,TNKN,34,120,538,1014,1466,1592,2393,2556,2641,2872,3139,3140,3821,3824,3966,3984,4013,4020,4150,4265,4306,4462,4504,4576,4630,5002,5744,6107,6184,6302,6517,7072,7111,7431,7525,8214,8624,9073,9152,9313,9668,10166,,,,,,,,,,,,,,,,,,,,,,,
1,TUIS1,1797,2905,4191,5883,6024,6417,6430,6436,6459,6985,7050,7228,7292,7439,7536,7539,7575,7576,7611,7729,7840,8054,8146,8153,8166,8209,8263,8308,8500,8557,8777,8780,8783,8795,8799,9001,9025,9030,9070,9089,9095,9124,9132,9160,9185,9231,9233,9422,9436,9440,9464,9469,9483,9502,9523,9547,9565,9583,9585,9610,9692,9750,10114,10210,
5,NYSU,250,263,353,354,395,810,870,1155,1308,2265,2344,2601,2791,2875,3004,3204,3544,3950,3975,3986,4122,4571,5123,5298,5599,5806,6401,6423,6463,6621,6806,6880,6911,6969,7318,7504,7636,7718,7730,7840,8570,8595,8739,9624,9713,10039,10109,10207,,,,,,,,,,,,,,,,,
6,ARSE,16,323,456,1421,1730,1732,1818,1939,2080,2341,2357,2973,2992,3102,3468,3792,3843,3937,4107,4122,4330,4336,4522,4601,4959,5002,5045,5437,5454,5809,6055,6068,6186,6586,7483,7577,9067,9073,9429,9608,10055,10157,,,,,,,,,,,,,,,,,,,,,,,
5,MOSE,806,931,1108,1208,1706,1723,1763,1781,1785,1982,1986,1987,1997,2010,2457,2481,2486,2718,3184,3284,3729,3792,4418,4455,4522,4646,4766,4809,5098,5119,5141,5147,5437,5837,5918,6391,6404,6424,6817,7563,7662,8069,8112,9031,9085,9428,10064,10199,,,,,,,,,,,,,,,,,
4,NDGF,144,876,877,2177,2181,2500,2501,2502,2512,2531,2538,2654,2855,2883,3007,3026,3058,3130,3134,3275,3277,3278,3313,3755,3926,3940,4181,4230,4238,4360,4539,4663,4674,4778,5172,5437,5658,5913,5929,6146,6160,6381,6453,6574,6628,7028,7048,7235,7578,8188,8255,8422,8516,8586,8887,9474,9576,10025,10044,10087,,,,,
5,OKTU,31,323,846,935,1209,1339,1369,1561,1730,1764,1806,1819,2165,2333,2341,2357,2359,2373,2395,2410,2773,3160,3163,3179,3247,3465,3507,3931,4005,4523,5013,5454,5550,5889,6026,6809,7744,8711,9007,9410,9462,9472,9551,9626,9631,9667,9701,10157,,,,,,,,,,,,,,,,,
4,CASF,199,253,498,840,841,852,1072,1458,2102,2643,2854,3045,3647,4146,4159,4186,4253,4669,4698,4904,4973,4990,5026,5507,5700,5924,5940,5985,6418,6662,7130,7245,7444,7667,8016,8033,8151,8169,8793,8840,8852,9038,9084,9111,9114,9143,10148,10202,,,,,,,,,,,,,,,,,
2,CAP2,4,192,294,399,691,701,841,1266,1572,1661,2102,2122,2288,2485,2543,2839,3128,3255,3647,3859,4276,4322,4414,4698,4711,5012,5104,5136,5285,5924,6060,6353,6487,6764,6885,6934,6996,7607,7777,8006,8891,9084,9520,9635,10001,10014,10018,10185,,,,,,,,,,,,,,,,,
2,TUIS2,1884,3390,3835,4972,5553,5993,6014,6038,6064,6232,6402,6429,6431,6948,7035,7201,7444,7570,7672,7682,7683,7758,8056,8079,8084,8127,8151,8182,8220,8795,8796,8798,8863,9020,9024,9029,9043,9093,9155,9159,9174,9220,9247,9281,9441,9447,9451,9467,9468,9473,9479,9546,9591,9694,10015,10021,10063,10068,10081,10110,10126,10167,10180,10197,10200
4,FLTA,21,86,108,180,386,694,744,1056,1523,2383,2556,2797,3173,4065,4091,4118,4458,4576,5145,5722,5816,6184,6317,6473,6722,7500,7561,8324,8624,8775,8778,8788,8791,8841,9300,9313,9404,9493,9711,9764,9787,10040,10071,10119,10137,10162,10171,10175,,,,,,,,,,,,,,,,,
6,NYRO,20,191,229,340,378,424,527,533,578,639,743,1126,1405,1450,1468,1493,1507,1511,1518,1559,1585,1591,1787,2053,2228,2340,2626,3003,3015,3044,3117,3173,3181,3260,3533,3550,3799,3838,3951,3985,4093,4930,4991,5528,5590,5740,6024,6300,6868,7903,8393,9076,10032,10150,,,,,,,,,,,
6,ILPE,111,648,1329,1625,1716,1736,1756,2022,2040,2077,2169,2194,2338,2358,2481,2654,3352,3397,3692,3695,4096,4143,4187,4213,4314,4624,5041,5125,5148,5442,5541,5822,5934,6237,6317,6420,6651,7237,7417,7472,7848,8122,8822,8824,9061,9082,10072,10203,,,,,,,,,,,,,,,,,
1,KSSH,167,935,937,1108,1710,1769,1775,1802,1806,1810,1825,1847,1982,1994,1997,2345,2410,2457,2972,3172,3928,4329,4522,5119,5126,5189,5268,5801,5889,5935,5968,6805,7064,8112,8719,8825,9316,9445,9495,9551,10124,10161,,,,,,,,,,,,,,,,,,,,,,,
3,MSLA,364,456,590,1466,1912,2183,2190,2221,2987,3039,3468,3616,3753,3959,4087,4107,4179,4336,4400,5005,5276,5526,5965,6068,7094,7428,8044,8066,8808,9153,9309,9435,9476,9503,9712,9717,9718,9734,10085,10091,10182,10184,,,,,,,,,,,,,,,,,,,,,,,
3,MXHE,3158,3478,3480,3933,4010,4355,4401,4403,4635,4731,4735,4782,5312,5705,5887,5959,6017,6106,6170,6199,6200,6483,6606,6676,6694,6702,6896,7102,7161,7421,7546,8291,9060,9134,9213,9280,9282,9301,9499,9593,10062,10065,,,,,,,,,,,,,,,,,,,,,,,
2,AZSC,60,498,698,1011,1165,2240,2375,2478,2486,2647,2662,2840,3019,3179,3187,3648,3794,3853,4146,4565,5026,5059,5429,5665,6352,6413,6833,7419,7425,7447,7687,7703,7755,8044,8087,8500,9059,9432,9704,9777,10008,10210,,,,,,,,,,,,,,,,,,,,,,,
5,CAEG,604,696,701,751,1662,1678,2073,2204,2288,2551,2813,3189,3257,3482,3577,3598,3859,3880,4135,4481,4643,4698,4904,5026,5274,5419,5458,5480,6083,6390,6884,6947,7137,7157,9125,9426,9432,9539,10007,10028,10029,10185,,,,,,,,,,,,,,,,,,,,,,,
3,WIMI,93,537,706,930,1091,1259,1306,1675,1714,1716,1732,1792,2062,2077,2194,2202,2506,2667,2826,2830,3197,3381,3418,3596,3692,4531,4645,4655,4786,4787,5096,5148,5586,6223,6318,6381,6421,6574,6643,6823,7103,7417,7619,7864,7900,7915,8096,8531,8700,8701,8802,8803,8847,9425,9535,9578,9760,10033,10118,10192,,,,,
3,CALA,4,294,589,597,599,687,696,702,867,968,980,1138,1148,1159,1160,1197,1452,1515,1661,1726,1759,1836,2404,2429,2465,2584,2637,2659,2710,3328,3408,3473,3759,3863,3952,3993,4019,4123,4141,4201,4501,4964,4999,5089,5124,5285,5500,5669,5851,6000,6658,6904,7042,7230,7415,8006,8020,8600,9172,9408,9471,9505,9696,9772,
6,AUSW,3132,3881,4253,4537,4613,4729,4739,4774,4788,4817,5331,5449,5515,5516,5564,5584,5648,5876,5985,5988,6191,6353,6432,6434,6476,6487,6508,6510,6706,6907,6940,6941,6996,7128,7433,7522,7561,7583,7738,8011,8015,8214,8613,8814,8844,9144,9146,9147,9189,9411,9421,9433,9574,9587,9597,9599,9616,9635,9715,10001,10049,10106,10139,10194,
3,TUIS3,2905,4481,4613,5883,5996,6064,6415,6417,6429,6431,6874,6909,6948,6985,7458,7466,7539,7551,7576,7672,7682,7758,8042,8054,8079,8084,8127,8570,8725,8784,8798,9020,9025,9029,9043,9155,9160,9232,9233,9247,9281,9441,9447,9451,9467,9468,9483,9510,9519,9523,9547,9565,9583,9610,9692,9694,10015,10031,10042,10068,10081,10110,10197,10200,
6,FLOR,21,59,79,86,179,233,386,801,1369,1557,1592,1744,1860,1902,2152,2797,3164,3242,3627,3932,4013,4024,4065,4118,4562,4622,5145,5276,5472,5557,5816,5842,6322,6473,6527,6722,7431,7459,8057,8324,8753,8775,8788,8817,8841,9040,9300,9402,9627,9670,9698,9720,9728,9778,10064,10071,10082,10086,10090,10092,10102,10123,10137,10162,
3,NYHE,28,263,271,287,329,353,358,369,496,514,527,533,545,564,569,601,640,806,810,870,871,884,1468,1546,1554,1601,1796,1803,2027,2161,2347,2487,2638,2869,2872,2875,2895,3015,3017,3053,3137,3171,3204,3624,3950,3990,4458,4567,5016,5099,5599,5736,6423,6593,6806,6911,7036,8267,9016,9646,,,,,
4,NYAL,20,28,229,250,271,333,334,514,564,639,1156,1405,1450,1493,1507,1511,1591,1772,1796,1880,2601,2791,3003,3044,3171,3360,3419,3624,3799,3951,3996,4122,4145,4955,4972,5016,5149,5881,6300,6621,6648,6868,6911,6969,7030,7031,7504,7575,7605,7668,7718,9406,9642,10109,,,,,,,,,,,
3,OHCL,48,112,120,191,291,379,424,451,695,1038,1308,1317,1511,1518,1708,1787,2010,2172,2252,2399,2603,2614,3193,3324,4121,4145,4269,4504,4601,4611,5133,5413,5667,6181,6964,7165,7460,7885,8140,8145,8222,8243,8581,8713,8718,9097,9139,9194,9622,9643,9767,10023,10187,10191,,,,,,,,,,,
4,IACF,167,525,648,967,1810,2264,2450,2470,2526,2530,2847,3055,3067,3267,3928,4182,4260,4607,4646,5041,5275,5434,5576,5837,5847,5914,5935,6217,6223,6419,6420,6455,6805,7021,7309,7531,7848,8024,8298,8737,8744,8766,8770,8821,8880,9092,9508,9543,9570,9579,9639,10038,10116,10121,,,,,,,,,,,
4,MOSL,931,1178,1208,1288,1329,1706,1756,2202,2352,2408,2783,2978,3284,3397,3814,3937,4143,4187,4213,4256,4329,4330,4500,4766,4931,5060,5176,5492,5583,6237,6391,6517,6744,7117,7255,7452,7472,7496,7662,7747,8069,8077,8719,9031,9401,9428,10094,10199,,,,,,,,,,,,,,,,,
6,CODE,159,662,1138,1303,1339,1410,1561,1619,1799,1822,1977,1986,2036,2083,2240,2259,2261,2945,2972,2996,3006,3200,3298,3374,3648,3729,3807,3931,4068,4293,4388,4418,4499,4550,4593,4635,4738,4944,5232,5493,5690,6652,6832,6920,7243,7479,7485,7737,8334,9068,9112,9552,9586,10010,,,,,,,,,,,
5,IDNA,114,359,399,1569,1619,1891,1983,2122,2130,2594,3166,3216,3243,3288,3405,4175,4598,4944,5012,5461,5871,5933,6036,6351,6358,6364,6400,6411,6647,7214,7426,7634,7895,7906,8546,8551,8756,8839,8885,9044,9138,9243,9314,9726,9737,10000,10041,10196,,,,,,,,,,,,,,,,,
5,MXTO,2283,3354,3472,3478,3480,3526,4355,4371,4400,4401,4403,4603,4735,4775,5133,5312,5526,5705,5948,6199,6348,6608,6702,7037,7040,7102,7577,7653,7669,7687,7725,8105,8266,8291,8293,9103,9282,9301,9513,10140,10143,10176,,,,,,,,,,,,,,,,,,,,,,,
6,AZTE,670,696,698,987,991,1011,1165,1212,1458,1726,1828,2403,2478,2659,2662,3019,3577,3853,3944,4146,4183,4565,4782,5059,5539,6127,6200,6413,6479,6824,6833,6922,7214,7645,7755,8012,8848,9059,9091,9704,9777,10050,10129,,,,,,,,,,,,,,,,,,,,,,
2,CAFR,8,100,581,840,1197,1280,1323,1622,1671,2073,2367,2489,3189,3257,3598,3646,3925,3970,5430,5817,5940,6059,6305,6434,6619,6647,6657,6711,6804,6814,6822,7583,8404,8546,8768,8840,9143,9706,10028,10049,10188,10194,,,,,,,,,,,,,,,,,,,,,,,
5,CALJ,702,812,968,1266,1538,1572,1622,1972,2102,2485,2543,2658,2827,2839,2853,2984,3020,3128,3255,3341,3491,3647,3704,3749,3882,3965,4160,4419,4584,4738,4919,4984,5025,5137,5331,5474,5514,5805,6515,6695,6885,6904,6995,7441,8119,8870,8891,9084,9452,9501,9573,9597,9730,10051,,,,,,,,,,,
4,TUIS4,3646,4191,5655,5665,5773,6415,6436,6459,6838,6874,6920,6968,6988,6989,7086,7458,7465,7742,7748,8058,8070,8153,8158,8159,8173,8261,8263,8264,8557,8561,8799,8800,8861,9001,9021,9026,9028,9074,9077,9089,9095,9231,9232,9409,9436,9490,9497,9545,9555,9601,9609,9625,9647,9690,10020,10048,10056,10088,10098,10101,10156,10173,10201,10216,
1,ILCH,16,111,112,144,171,325,876,1625,1736,1739,1781,1792,2022,2039,2040,2151,2338,2358,2704,2725,2830,3023,3061,3067,3110,3277,3352,3488,3695,3734,4011,4021,4096,4645,4655,4702,4787,5125,5442,5822,5847,5934,6421,6651,7237,7560,8029,8096,8122,8880,9082,9654,9669,10118,,,,,,,,,,,
1,CASE,115,253,604,668,1671,2035,2135,2445,2473,2647,2710,3256,4171,4255,4613,4739,4774,4817,4919,5027,5089,5104,5171,5449,5516,5700,6506,6665,6706,6884,6941,7413,7433,7528,7777,8011,8871,9006,9609,10075,10133,10202,,,,,,,,,,,,,,,,,,,,,,,
4,CACM,597,812,2403,2443,3020,3295,3309,3408,3473,3476,3952,4079,4141,4276,4322,4414,4415,4470,4619,4788,4964,4999,5025,5199,5514,5669,5805,5835,5857,6072,6220,6560,6695,7042,7157,7230,7415,7447,8020,8521,8888,8898,9271,9505,9520,9615,10028,10163,,,,,,,,,,,,,,,,,
3,NVLV,60,987,988,991,1388,2486,3009,3187,3216,3245,3476,3965,4183,4421,4470,4585,4627,4984,5049,5429,5474,5653,6352,6510,6560,6824,6825,6968,7077,7183,7235,7423,7425,7426,7654,7673,8005,8022,8387,8717,9002,9037,9151,9287,9534,10041,10060,10158,,,,,,,,,,,,,,,,,
6,OHCI,48,117,128,144,325,379,451,554,677,695,930,1014,1038,1317,2783,2856,3138,3201,3324,3484,3492,3504,3777,3814,3954,4027,4028,4050,4085,4121,4145,4269,4467,4611,5492,5667,5811,6032,6181,6834,6936,6964,7165,7460,7515,7516,8140,8145,8222,8243,9075,9097,10023,10094,,,,,,,,,,,
4,ALHU,34,79,233,364,538,547,801,1369,1710,1902,2393,2438,2481,2973,3139,3140,3201,3824,3843,3959,3966,3984,4020,4265,4306,5005,5045,5410,5800,6107,6302,6936,7072,7111,7428,7525,7565,7567,8772,8773,9067,9435,9590,9702,10062,10091,10166,10184,,,,,,,,,,,,,,,,,
5,LAKE,59,179,180,379,1421,1818,1912,1927,2080,2183,2190,2221,2383,2638,2641,2992,3039,3606,3616,3753,3959,4087,4107,4336,4531,5410,5472,5785,5863,5872,5965,5971,6055,7094,7288,7483,8044,8067,8808,9153,9309,9405,9456,9660,9699,9708,9717,9761,9768,10005,10062,10085,10168,10182,,,,,,,,,,,
1,MNMI,1816,2052,2129,2169,2175,2181,2207,2220,2264,2470,2472,2491,2498,2501,2502,2511,2531,2549,2861,2879,2987,3018,3026,3038,3082,3100,3184,3202,3206,3610,3630,3691,3751,3883,3891,4277,4511,4536,4624,4663,4664,4693,5271,5275,5278,5434,5464,5541,6147,6749,7019,7028,7038,7068,7273,7530,7541,7849,7850,8234,8516,8787,9149,9157,
3,MOLS,937,1288,1723,1730,1763,1764,1769,1775,1785,1825,1827,1847,1939,1986,1987,2001,2345,2357,2457,2560,2718,3061,4009,4455,4593,4766,4959,5013,5098,5126,5141,5268,5801,5809,5918,6843,6907,7531,8825,9410,10116,10121,,,,,,,,,,,,,,,,,,,,,,,
2,OKOK,31,662,1209,1410,1561,1619,1723,1819,1987,2036,2083,2165,2333,2341,2352,2359,2373,2395,2718,2773,2945,2996,3160,3247,3465,3478,3507,3660,3931,4005,4256,4293,4499,4500,4523,4603,5550,5863,6026,6424,6809,7033,7464,7744,8086,8711,9007,9401,9440,9462,9472,9495,10112,10186,,,,,,,,,,,
6,WILC,171,525,537,1091,1259,1306,1481,1714,2143,2450,2506,2530,2574,2704,2823,2847,2977,3082,3090,3130,3197,3275,3407,3454,3723,3848,3926,4011,4021,4054,4215,4225,4229,4859,5019,5339,5576,5586,5826,5903,5914,6166,6217,6758,7021,7103,8024,8744,8782,8803,9535,9676,10025,10038,10108,,,,,,,,,,
6,CAAV,294,399,599,687,691,1148,1538,2584,2658,2840,3473,3669,4014,4079,4123,4160,4414,4415,4619,5012,5049,5137,5458,5857,5869,6060,6072,6083,6657,6704,6995,7327,7570,7607,7632,8060,9125,9538,9666,10069,10077,10205,,,,,,,,,,,,,,,,,,,,,,,
2,HIHO,359,368,1056,2090,2348,2438,2441,2443,2445,2465,2477,2853,2896,3008,3721,3880,3881,3882,4253,4270,6083,6191,6704,6909,6947,6998,7130,7497,7551,7589,7632,7636,7645,7673,7709,7724,8169,8503,8569,8584,8595,8615,8725,8790,8805,8806,8853,8871,9012,9019,9126,9427,9494,9498,9501,9564,9629,9645,10006,10075,10077,10169,10202,10205,
2,NYNY,287,296,329,333,334,335,354,358,369,395,694,743,806,871,884,1155,1601,1880,2265,2344,2601,2869,3004,3419,3760,3950,4012,4299,4571,5123,5298,5421,5736,5806,6401,6463,6590,6648,6873,6880,7036,7272,7522,7668,7730,7759,8739,9016,9295,9437,9509,9636,9642,10207,,,,,,,,,,,
2,MNSC,2177,2227,2239,2500,2503,2508,2509,2513,2518,2526,2538,2574,2606,2667,2846,2855,3007,3023,3042,3058,3102,3122,3212,3276,3291,3293,3294,3297,3298,3300,3313,3740,3755,3871,4166,4174,4198,4207,4226,4229,4238,4239,4480,4607,4703,4728,4741,4778,5348,5638,6045,6132,6146,6175,6628,6709,7257,7677,7858,8298,8878,9576,9745,10045,
6,CABE,114,199,254,649,701,841,852,972,973,1280,1662,1700,2141,2204,2288,2551,2643,3045,3256,4159,4186,4255,4270,4669,4765,4973,5171,5274,5419,5430,5507,5728,5924,5940,6017,6238,6418,6560,6662,6814,6884,6918,6981,7137,7245,7401,7419,7667,7686,7709,8016,8033,8045,8048,8404,8793,8852,9038,9111,9470,9634,9781,10148,,
5,CAAT,8,192,766,971,973,1160,1165,1323,1351,1388,1868,1967,2035,2220,2429,3132,3309,3501,3512,3863,3970,4010,4255,4322,4501,5124,5869,6305,6479,6508,6665,6934,6962,6981,7157,7589,8521,8768,9400,10060,10129,10210,,,,,,,,,,,,,,,,,,,,,,,
5,TUIS5,3390,3646,4972,5553,5655,5665,5773,6014,6232,6402,6838,6988,6989,7086,7444,7465,7683,7742,7748,8042,8058,8070,8151,8158,8159,8173,8220,8261,8264,8561,8800,8806,8861,9021,9024,9026,9028,9074,9077,9102,9159,9174,9409,9490,9497,9545,9555,9601,9625,9647,9690,10020,10021,10048,10056,10063,10088,10098,10101,10126,10156,10173,10201,10216,
2,VAASH,404,539,617,619,1522,1599,1629,1676,1731,1895,2068,2199,2421,2998,3136,3361,3373,3939,4456,4472,4638,5115,5954,6802,6882,7770,8326,8590,9003,9709,10058,,,,,,,,,,,,,,,,,,,,,,,,,,,,,,,,,,
5,VABLA,339,346,401,404,449,977,1086,1262,1610,1793,1885,1895,2028,2106,2363,3359,3361,3939,4505,5587,5724,6189,6194,6802,6863,8230,9003,9033,9403,,,,,,,,,,,,,,,,,,,,,,,,,,,,,,,,,,,,
4,VAPOR,122,141,316,422,540,611,612,623,836,1610,1793,1908,1915,2028,2363,2890,2912,2988,3136,3314,3359,4286,4541,5243,5549,5804,8622,9235,10058,,,,,,,,,,,,,,,,,,,,,,,,,,,,,,,,,,,,
2,MDSEV,102,116,614,686,888,1111,1418,1446,1719,1727,1908,2377,2537,2849,2914,3748,3793,4464,4541,4575,5338,5830,5841,6213,6326,7886,8514,8622,8726,9072,9235,10057,,,,,,,,,,,,,,,,,,,,,,,,,,,,,,,,,
3,VAGLE,122,401,404,422,539,540,617,619,888,977,1086,1262,1522,1599,2106,2180,2534,2890,2998,3494,4286,4505,5724,5804,5954,6189,6194,6882,9709,10057,,,,,,,,,,,,,,,,,,,,,,,,,,,,,,,,,,,
1,MDOWI,223,620,686,836,888,1111,1389,1719,1727,2186,2199,2377,2534,2537,2849,2900,3748,3793,4099,4464,4505,4541,4821,5243,5338,5830,5841,6213,6326,6863,7770,7886,8514,8592,8726,9072,10057,,,,,,,,,,,,,,,,,,,,,,,,,,,,
3,VAFAL,116,339,346,449,611,612,614,620,623,836,1389,1418,1446,1629,1731,1885,1915,2068,2186,2421,2900,2912,2914,2988,3373,4099,4456,4472,4638,4821,5115,5243,5549,5587,8230,8326,8590,8592,9033,9403,,,,,,,,,,,,,,,,,,,,,,,,,
6,CHCMP,,,,,,,,,,,,,,,,,,,,,,,,,,,,,,,,,,,,,,,,,,,,,,,,,,,,,,,,,,,,,,,,,
1,MIKE1,1,217,245,314,894,1506,2145,2337,2604,2619,3534,3568,3707,4994,5114,5150,5166,5235,5260,5555,5612,5926,6091,6610,7289,7762,8623,8767,9207,9237,9238,9251,9572,9650,9697,9757,10046,10053,10054,10149,,,,,,,,,,,,,,,,,,,,,,,,,
5,MIHIG,27,67,107,308,469,494,1189,1322,2224,2611,3098,3536,3641,3707,3773,4362,4776,4961,5053,5114,5144,5533,5559,5577,6152,7178,7211,7220,7225,7553,7598,7656,8124,8423,8517,9210,9455,9703,9765,10054,,,,,,,,,,,,,,,,,,,,,,,,,
1,MIBAT,141,2767,3357,3658,4327,4381,4422,4453,5152,5227,5248,5501,5623,5675,6002,7203,7256,7658,7811,8126,8608,9183,9203,9215,9239,9312,9542,9638,9672,9703,9743,9753,9759,10011,10012,10019,10154,10165,10190,10198,,,,,,,,,,,,,,,,,,,,,,,,,
2,MIBER,135,1502,2959,3098,3452,4237,4325,4337,4362,4956,4983,5053,5056,5182,5216,5231,5462,5535,5982,6099,6538,6588,6591,7769,7809,7810,7814,8612,9182,9208,9239,9549,9735,9754,9758,10012,10067,10099,10160,10217,,,,,,,,,,,,,,,,,,,,,,,,,
3,MIBRO,314,830,1528,1684,2611,2832,3322,3773,4216,4568,4776,5144,5205,5530,5559,5675,5676,6081,6150,6556,6570,7197,7221,7501,7656,7658,8124,8300,8373,8608,8895,9183,9209,9210,9312,9765,10011,10154,10198,10211,,,,,,,,,,,,,,,,,,,,,,,,,
4,MIBEL,33,51,66,123,240,1076,1250,1502,1528,2137,2620,3414,4395,4405,4737,5263,5567,5756,5907,6101,6120,6538,6570,6615,6861,7211,7220,7660,8032,8297,8427,8519,8832,9148,9182,9211,9727,9735,9775,10036,,,,,,,,,,,,,,,,,,,,,,,,,
5,MIESC,857,1596,2586,3602,4375,4391,4392,4398,4827,4835,4988,5213,5486,5702,5706,5878,6079,6088,6112,6113,6345,6558,6569,6637,7154,7713,7768,7782,7826,9188,9225,9249,9548,9674,9722,9733,9755,9773,10128,10189,,,,,,,,,,,,,,,,,,,,,,,,,
2,MIKE2,27,68,70,494,772,1504,1684,1701,2337,2867,3668,4851,4998,5084,5193,5234,5282,5460,5517,5527,5533,5561,5641,5660,5697,6073,6081,6085,6548,6618,7491,7772,7784,8193,8385,9242,9648,9651,9776,,,,,,,,,,,,,,,,,,,,,,,,,,
4,MISTJ,74,1940,2054,2337,2767,2959,3452,3604,3620,3688,3875,4237,4325,4855,5056,5110,5152,5182,5227,5462,5535,5712,5843,5927,5980,6588,7210,7809,7814,8126,9208,9228,9549,9638,9671,9743,9758,9763,10160,10165,,,,,,,,,,,,,,,,,,,,,,,,,
3,MIBCT,66,217,240,280,815,904,1023,2620,3604,3641,3658,4327,4422,4855,4967,5050,5090,5167,5263,5498,5501,5619,5695,5704,6528,6618,6914,7191,7196,7692,7865,8374,8385,8423,8426,8519,9226,9255,9651,9744,,,,,,,,,,,,,,,,,,,,,,,,,
2,MILAK,1918,3603,3620,4381,4453,4568,4810,5086,5676,6002,6033,6077,6078,6087,6100,6121,6642,6753,7155,7221,7226,7254,7794,7855,8041,8286,8424,8522,8611,8832,9225,9227,9228,9568,9594,10003,10004,10097,10120,10138,,,,,,,,,,,,,,,,,,,,,,,,,
4,MIDET,1189,1701,2048,2224,2591,3096,4390,4758,4768,4838,4851,4854,5197,5239,5467,5478,5531,5532,5577,5619,5642,5901,6029,6057,6096,6099,6532,6616,7145,7196,7716,7856,7865,8179,8280,8362,8899,9212,9255,9618,,,,,,,,,,,,,,,,,,,,,,,,,
2,MISSM,857,1596,2586,3175,3602,3655,4375,4391,4392,4827,4988,5213,5314,5486,5706,5878,6079,6088,6112,6113,6345,6558,6569,6637,7154,7202,7250,7713,7782,7826,9188,9249,9548,9674,9722,9755,10128,10172,10189,,,,,,,,,,,,,,,,,,,,,,,,,,
4,MIMUS,85,858,1025,1711,1918,2405,2960,3357,3458,3538,3546,3572,3767,4004,4337,4422,4956,5256,5470,5860,6005,6094,6098,6100,6122,6428,7054,7160,7195,7256,7501,7794,7810,7911,8285,9223,9248,9566,9742,9756,,,,,,,,,,,,,,,,,,,,,,,,,
3,MITRA,94,1711,3537,3603,3618,3688,3767,4377,4398,4983,5065,5066,5110,5183,5247,5504,5534,5560,6087,6097,6098,6121,6122,6963,7155,7602,7790,7808,7855,8041,9176,9541,9568,9665,9673,9771,9773,10003,10120,,,,,,,,,,,,,,,,,,,,,,,,,,
1,MIANN,302,830,862,1076,1502,3322,3536,3656,3668,4216,4395,4776,5066,5067,5144,5205,5225,5282,5509,5530,5702,5708,6096,6101,6150,6190,6344,6528,6615,7147,7660,8297,8300,8728,8895,9204,9209,9211,9212,9748,,,,,,,,,,,,,,,,,,,,,,,,,
5,MIMAS,68,70,1504,3618,3655,5150,5234,5674,5704,6078,6090,6114,6548,6591,6610,7056,7166,7195,7202,7226,7254,7289,7790,7811,7818,8285,8373,8374,8424,8522,9203,9237,9238,9241,9753,10036,10149,10190,10211,,,,,,,,,,,,,,,,,,,,,,,,,,
1,MILUD,67,1023,1718,2075,2405,3175,3618,3641,4003,4362,4779,4835,4855,5162,5424,5460,5547,5674,6005,6097,6128,7160,7174,7602,9106,9176,9205,9241,9248,9541,9721,9736,9742,9756,9771,10067,10138,10172,10206,10217,,,,,,,,,,,,,,,,,,,,,,,,,
5,MIMID,302,314,548,2619,2832,2959,3770,4382,5166,5424,5504,5509,5517,5538,5561,5603,5982,6067,6071,6128,6533,6556,6631,6753,6914,7109,7491,7808,8193,8873,9227,9661,9662,9685,9731,9759,10004,10016,10131,,,,,,,,,,,,,,,,,,,,,,,,,,
3,MIALL,67,74,85,107,141,216,244,288,2145,2619,2771,2834,3234,3458,3536,3538,3572,4003,4956,4994,5067,5114,5470,5555,5610,5927,6094,6114,6428,6548,6566,6877,7248,8612,9206,9215,9455,9721,9747,10070,,,,,,,,,,,,,,,,,,,,,,,,,
2,MILIV,308,469,503,548,862,2048,2673,2832,3414,3632,3667,4405,5090,5467,5498,5531,5619,5708,5907,6029,6057,6152,6190,6532,6861,6914,7174,7553,7598,8115,8179,8280,8426,8623,8774,9148,9205,9572,10036,,,,,,,,,,,,,,,,,,,,,,,,,,
2,MITR1,245,280,302,573,894,1718,2591,2604,2834,3096,3302,3538,3619,4390,4838,5050,5214,5235,5436,5478,5525,5612,7145,7178,7197,7224,7247,7716,7813,8364,8728,9204,9252,9528,9558,9697,9733,9757,10066,10099,,,,,,,,,,,,,,,,,,,,,,,,,
1,MIREN,94,123,247,573,815,910,1025,1188,1250,1481,2673,3539,3619,3632,4130,4680,4758,4967,5065,5197,5532,5642,5660,5695,5756,5901,6566,7191,7224,7692,7769,8352,8362,8427,9245,9679,9727,9744,9751,9775,,,,,,,,,,,,,,,,,,,,,,,,,
2,MIKEN,244,288,858,904,1506,1940,2054,2075,2246,2771,3234,3357,3458,3546,3875,4004,4327,5248,5256,5260,5567,5610,5980,6090,6114,6877,7054,7203,7210,7248,7911,8397,8767,9106,9206,9566,9671,9763,10019,10070,,,,,,,,,,,,,,,,,,,,,,,,,
5,MIALP,201,247,503,904,910,1188,1506,1684,2246,2834,3537,3539,3668,4004,4377,4983,5067,5183,5239,5314,5436,5505,5525,5530,5534,5547,6077,7250,7769,7772,8397,9223,9650,9665,9736,10097,10172,10183,10206,,,,,,,,,,,,,,,,,,,,,,,,,,
5,MISTE,217,453,818,2851,3175,3667,4130,4384,4779,4810,5046,5065,5167,5225,5555,5843,5860,5926,6120,6344,6567,7188,7247,7597,7762,7813,8115,8352,8364,8385,8774,8826,9226,9528,9558,9747,9751,10046,10066,10099,,,,,,,,,,,,,,,,,,,,,,,,,
4,MIMTP,68,216,226,245,453,862,1023,1718,5066,5086,5162,5229,5231,5247,5501,5505,5547,5560,5623,5702,6002,6033,6533,6642,6963,7109,7166,7768,7818,8286,8611,8873,9207,9542,9594,9661,9672,9673,9754,10019,,,,,,,,,,,,,,,,,,,,,,,,,
3,MITR2,1,33,51,201,226,247,469,818,1701,2137,2851,2960,3534,3539,3656,4384,4680,4737,4768,4779,4961,5046,5053,5084,6567,6616,7056,7147,7188,7597,7856,8826,8899,9242,9251,9252,9618,9679,9748,9776,,,,,,,,,,,,,,,,,,,,,,,,,
3,MISAG,858,1322,3302,3452,3568,3770,4382,4854,4998,5166,5193,5214,5216,5229,5509,5527,5538,5603,5641,5697,5712,6067,6071,6073,6085,6091,6631,7225,7784,8517,9245,9648,9662,9685,9731,9754,10016,10053,10131,10183,,,,,,,,,,,,,,,,,,,,,,,,,
6,MICMA,,,,,,,,,,,,,,,,,,,,,,,,,,,,,,,,,,,,,,,,,,,,,,,,,,,,,,,,,,,,,,,,,
6,MICMC,,,,,,,,,,,,,,,,,,,,,,,,,,,,,,,,,,,,,,,,,,,,,,,,,,,,,,,,,,,,,,,,,
6,MICMD,,,,,,,,,,,,,,,,,,,,,,,,,,,,,,,,,,,,,,,,,,,,,,,,,,,,,,,,,,,,,,,,,
6,MICMH,,,,,,,,,,,,,,,,,,,,,,,,,,,,,,,,,,,,,,,,,,,,,,,,,,,,,,,,,,,,,,,,,
6,MICMP,,,,,,,,,,,,,,,,,,,,,,,,,,,,,,,,,,,,,,,,,,,,,,,,,,,,,,,,,,,,,,,,,
3,TXKAT,118,324,457,624,1255,1477,2585,2789,2882,3735,3847,4328,4639,5103,5427,5829,5892,5908,5923,6488,7616,7691,8144,8370,8576,9081,9137,9289,9307,9448,9478,9512,9515,9517,9521,10107,,,,,,,,,,,,,,,,,,,,,,,,,,,,,
1,TXWAC,118,148,624,1296,1477,2848,2950,3005,3561,3743,3802,4219,5411,5431,5829,6180,6672,7521,8177,8369,8515,8556,8576,8610,8827,8842,8858,9081,9088,9311,9444,9492,9524,9533,9664,10027,10037,10107,10177,,,,,,,,,,,,,,,,,,,,,,,,,,
2,TXBEL,418,1164,2582,2583,2687,2789,2881,2950,3679,3743,4364,4610,4734,5613,5783,5866,6357,6369,6377,6800,6901,8507,8528,8749,8769,8879,9034,9054,9418,9448,9506,9577,9620,9655,10027,10105,10170,10174,10177,10213,,,,,,,,,,,,,,,,,,,,,,,,,
5,TXPLA,148,1296,1745,3035,3282,3310,3802,4639,5212,5411,5417,5431,5572,5788,5894,6171,6369,6526,6768,6901,7119,7503,8732,8749,8816,8858,8874,9105,9128,9156,9407,9418,9492,9533,9752,9786,10074,10084,10111,10134,,,,,,,,,,,,,,,,,,,,,,,,,
1,TXAUS,418,457,2158,2468,2583,2687,2689,2714,2789,2881,3679,3735,4610,5052,5103,5503,5726,6155,6357,6377,6800,7088,7138,7312,7621,8088,8114,8819,8879,9054,9128,9140,9506,9577,10105,10113,10136,10174,10181,10213,,,,,,,,,,,,,,,,,,,,,,,,,
3,TXFOR,148,2468,2657,3676,4063,4153,4192,4206,4251,4295,4364,4641,5414,5417,7091,7121,7125,7271,7321,7506,7534,7540,8019,8088,8408,8507,8512,8598,9080,9140,9156,9407,9418,9457,9752,10074,10111,10159,10215,,,,,,,,,,,,,,,,,,,,,,,,,,
2,TXSAN,2969,3029,3035,3481,3561,4063,4219,4332,4597,5572,5726,5894,5986,6155,6180,7088,7138,7521,7621,8019,8114,8369,8556,8573,8598,8610,8625,8750,8827,9051,9121,9311,9419,9444,9524,9658,9664,10113,10136,10181,,,,,,,,,,,,,,,,,,,,,,,,,
4,TXDAL,27,457,2468,2687,2689,2714,2848,3005,3282,3847,4206,4332,4597,4641,4717,5052,5212,5788,6171,6526,6672,6974,7091,7119,7121,7321,7503,7506,8732,8816,8842,9034,9088,10037,10084,10134,10170,10177,10215,,,,,,,,,,,,,,,,,,,,,,,,,,
4,TXHOU,118,231,1477,2582,2587,3728,3735,4295,4587,5070,5261,5829,5866,5892,6488,6645,6800,7115,7312,7418,7492,7691,8177,8392,8515,8750,8769,8818,8819,8827,9137,9181,9289,9478,9512,9514,9515,9516,9517,9521,,,,,,,,,,,,,,,,,,,,,,,,,
1,TXAMA,1164,1745,2657,3310,3481,3676,3847,4063,4153,4192,4206,4251,4641,4717,4734,5414,5417,5613,5783,5866,6768,6974,7125,7271,7492,7534,7540,8408,8512,8528,8874,9080,9105,9136,9457,9620,9655,9786,10159,10170,,,,,,,,,,,,,,,,,,,,,,,,,
5,TXCLE,231,324,1255,2158,2585,2587,2882,2969,3029,3481,3728,4328,4587,5070,5261,5414,5427,5503,5908,5923,5986,6645,7115,7418,7616,8144,8370,8392,8573,8625,8818,9051,9081,9121,9136,9181,9307,9419,9514,9516,,,,,,,,,,,,,,,,,,,,,,,,,
6,TXCMA,,,,,,,,,,,,,,,,,,,,,,,,,,,,,,,,,,,,,,,,,,,,,,,,,,,,,,,,,,,,,,,,,
6,TXCMM,,,,,,,,,,,,,,,,,,,,,,,,,,,,,,,,,,,,,,,,,,,,,,,,,,,,,,,,,,,,,,,,,
6,TXCMP,,,,,,,,,,,,,,,,,,,,,,,,,,,,,,,,,,,,,,,,,,,,,,,,,,,,,,,,,,,,,,,,,
3,INMIS,45,71,135,328,461,503,910,1018,1024,1501,1555,1741,1747,2054,2171,2197,2405,2867,2909,3147,3487,3620,3865,3936,4272,4982,5484,6721,7198,7477,8103,8742,9071,9119,9431,9530,9554,,,,,,,,,,,,,,,,,,,,,,,,,,,,
2,INCOL,71,74,226,234,292,447,868,1024,1555,1720,2171,2960,3147,3176,3494,3559,3890,4485,4580,4926,5188,5484,6498,6956,7454,7457,7617,7657,8103,8116,8430,8564,9453,9491,10024,10073,10076,,,,,,,,,,,,,,,,,,,,,,,,,,,,
1,INPLA,45,234,292,328,447,461,829,868,1018,1024,1646,1720,1741,1747,2867,3176,3487,3865,3936,3940,3947,4008,4272,4485,4580,4982,5010,5188,5402,6721,6956,7457,7477,7617,8742,9071,9431,9530,10073,10076,,,,,,,,,,,,,,,,,,,,,,,,,
4,INWAS,45,135,234,292,829,868,1018,1501,1646,1720,1741,2197,2771,2909,3176,3494,3559,3890,3940,3947,4008,4381,4926,5010,5402,5484,6498,7198,7454,7657,8116,8430,8564,9119,9208,9453,9491,9554,10024,,,,,,,,,,,,,,,,,,,,,,,,,,
6,INCMP,,,,,,,,,,,,,,,,,,,,,,,,,,,,,,,,,,,,,,,,,,,,,,,,,,,,,,,,,,,,,,,,,
1,ISDE1,1577,1657,1690,1937,1954,2096,2230,3065,3075,3211,3316,4319,4338,5135,5291,5554,5928,5951,5987,6104,6168,6740,6741,7067,8175,8223,9738,9739,9740,,,,,,,,,,,,,,,,,,,,,,,,,,,,,,,,,,,,
2,ISDE2,1574,1576,1580,1690,1942,1943,2212,2231,2630,2679,3083,3339,3388,4320,4416,4586,4590,4661,4744,5614,5635,5654,5715,5990,6230,6738,7039,7112,7177,7845,9303,9304,10104,10145,,,,,,,,,,,,,,,,,,,,,,,,,,,,,,,
3,ISDE3,1577,1942,1943,2096,2212,2231,3065,3075,3083,3211,3316,3339,3388,4319,4320,4338,4586,4590,5135,5554,5614,5928,5987,5990,6104,6230,6741,7067,8175,8223,9303,9304,9739,9740,10104,,,,,,,,,,,,,,,,,,,,,,,,,,,,,,
4,ISDE4,1574,1576,1580,1657,1690,1937,1954,2230,2630,2679,3835,4416,4661,4744,5291,5635,5654,5715,5951,6168,6738,6740,7039,7112,7177,7845,9738,10145,,,,,,,,,,,,,,,,,,,,,,,,,,,,,,,,,,,,,
6,ISCMP,,,,,,,,,,,,,,,,,,,,,,,,,,,,,,,,,,,,,,,,,,,,,,,,,,,,,,,,,,,,,,,,,
3,NJFLA,11,41,56,102,193,219,223,555,714,1143,1672,1676,1811,2458,2577,3142,3314,3340,4361,4652,4653,5310,5438,5732,5992,6016,6860,7045,8075,8513,8588,8628,8630,8706,8707,8771,9015,9424,9439,10146,,,,,,,,,,,,,,,,,,,,,,,,,
4,PAHOR,204,219,272,341,423,427,433,484,486,708,709,816,1168,1403,2539,2559,2607,2720,3637,4285,4361,4373,4637,4652,5113,5181,5401,5407,6226,6808,6945,7414,8075,8704,10152,10212,,,,,,,,,,,,,,,,,,,,,,,,,,,,,
4,NJALL,25,87,103,193,203,222,293,319,555,714,1089,1626,1676,1807,2180,2191,2495,2554,2577,2590,4573,5666,5684,5895,6860,6897,8117,8130,8628,8707,8714,8771,9015,9100,9116,10095,,,,,,,,,,,,,,,,,,,,,,,,,,,,,
1,NJTAB,11,25,87,203,204,303,365,428,708,752,1257,1279,1403,1647,1811,1923,2495,2607,2720,2722,3515,4653,4750,5407,5438,5732,7110,8130,8704,8721,9094,9424,10043,10152,10212,,,,,,,,,,,,,,,,,,,,,,,,,,,,,,
5,NJSKI,11,25,41,56,75,102,223,293,303,428,752,834,1257,1279,1403,1626,1672,1811,1923,2016,2554,3340,3515,3637,4573,4652,5457,5624,5992,6016,6897,6945,7045,7587,8513,8588,8706,9116,9439,10095,,,,,,,,,,,,,,,,,,,,,,,,,
3,PAPHI,87,103,203,303,316,321,365,423,427,433,484,486,709,1168,1218,1257,1279,1391,1640,1712,1807,1923,2095,2234,2539,2559,4342,4373,4575,4637,4750,5181,5407,6921,7110,9027,9094,9416,10043,10152,,,,,,,,,,,,,,,,,,,,,,,,,
1,NJWAS,75,103,193,219,222,272,293,321,341,423,484,714,834,1143,1391,1640,1672,1768,1807,2180,2458,3142,4285,4361,4575,4638,5490,5684,5895,6808,6860,6945,8075,8117,8630,10146,,,,,,,,,,,,,,,,,,,,,,,,,,,,,
2,PABEN,204,222,272,316,341,708,816,1089,1218,1391,1640,1647,1712,2016,2095,2180,2191,2234,2590,2607,2722,3314,4342,4653,5113,5310,5401,5457,5490,5624,5666,6226,6921,7414,7587,8714,8721,9027,9100,9416,,,,,,,,,,,,,,,,,,,,,,,,,
6,MACMP,,,,,,,,,,,,,,,,,,,,,,,,,,,,,,,,,,,,,,,,,,,,,,,,,,,,,,,,,,,,,,,,,
1,NCCHA,587,900,1533,2059,2640,3229,3336,3349,3459,3822,4561,4795,4816,4829,4861,5679,6502,6729,6894,7763,7890,8090,8205,8304,8429,8727,8746,8757,8758,8804,9259,9607,9707,9724,10009,10030,10079,10141,10178,10208,,,,,,,,,,,,,,,,,,,,,,,,,
3,NCPEM,435,1533,2642,3196,3229,3336,3489,3506,4534,4816,4828,4935,5190,5607,5727,6512,6729,6932,7443,8030,8205,8304,8738,8757,9005,9008,9198,9297,9707,9724,10013,10030,10079,10141,10151,10208,,,,,,,,,,,,,,,,,,,,,,,,,,,,,
5,NCASH,587,900,1225,1533,2059,3680,3822,4290,4561,4795,4828,5160,5190,5511,5518,5727,5919,6502,6888,6908,6932,7443,7763,7890,8429,8727,9032,9042,9150,9297,9298,9496,9605,9762,9789,10079,,,,,,,,,,,,,,,,,,,,,,,,,,,,,
4,NCMEC,619,1225,2059,2640,3196,3349,3459,3506,3680,3737,4290,4829,4935,5679,6004,6240,6500,6512,6639,6888,6894,7671,8030,9005,9150,9198,9298,9496,9605,9607,9762,10151,,,,,,,,,,,,,,,,,,,,,,,,,,,,,,,,,
2,NCWAK,422,435,977,1501,2642,3737,4534,4828,4861,4935,5160,5190,5511,5518,5607,5919,6004,6240,6500,6639,6908,7671,8090,8738,8746,8758,8804,9008,9032,9042,9259,9788,9789,10009,10013,10151,10178,,,,,,,,,,,,,,,,,,,,,,,,,,,,
6,NCCMP,,,,,,,,,,,,,,,,,,,,,,,,,,,,,,,,,,,,,,,,,,,,,,,,,,,,,,,,,,,,,,,,,
5,NHSAL,58,95,131,138,151,157,166,172,176,181,238,467,501,509,811,1058,1071,1073,1247,1277,1512,1729,2342,2713,3323,3467,3566,4041,4967,5902,5962,6153,6324,8023,8708,8724,9443,10083,,,,,,,,,,,,,,,,,,,,,,,,,,,
2,CTHAR,155,173,176,177,178,181,228,236,558,571,839,999,1058,1100,1699,1991,2064,2170,3146,3182,3464,3634,3654,3719,4572,4987,5142,5422,5746,6346,7153,7694,7760,7869,8013,9193,9286,10153,,,,,,,,,,,,,,,,,,,,,,,,,,,
1,CTWAT,155,176,178,195,228,230,237,558,716,999,1071,1099,1350,1991,2064,2067,2168,2170,2712,3461,3464,3634,4572,5142,5746,6346,6723,7127,7407,7694,7869,8085,8889,9193,9710,,,,,,,,,,,,,,,,,,,,,,,,,,,,,,
3,MABRI,78,88,125,131,133,173,181,236,246,348,501,716,1099,1119,1153,1729,1761,1768,2079,2590,2648,3146,3467,4176,4761,4908,5112,5494,5735,5962,6328,6731,6895,7674,8626,9443,9729,10083,,,,,,,,,,,,,,,,,,,,,,,,,,,
5,RIKIN,61,78,88,125,126,133,175,177,195,230,246,319,558,1100,1307,1350,1740,1757,1991,2079,2168,2648,3314,3597,3719,4048,4176,4908,4909,5000,5112,6329,6333,6690,7407,8085,8410,8626,9286,10153,,,,,,,,,,,,,,,,,,,,,,,,,
4,MAREA,97,138,155,228,1073,1474,1721,1831,2067,2084,2370,2423,2713,2876,3205,3323,3461,4169,4311,4473,4761,4906,4909,4925,5422,5459,5494,5563,5687,5735,6201,6328,6691,7907,7913,8604,8724,10125,,,,,,,,,,,,,,,,,,,,,,,,,,,
1,MELEW,58,78,133,157,166,172,238,348,1729,1740,1922,2523,2648,3451,3467,4041,4473,4564,4906,5265,5494,5687,6153,6161,6329,6895,7907,8023,8421,9055,9056,9096,9732,10125,,,,,,,,,,,,,,,,,,,,,,,,,,,,,,,
1,MAREV,69,88,97,125,246,663,1119,1153,1474,1735,1757,1761,1965,2084,2262,2423,2713,2876,2877,3205,3623,3958,4311,4546,5000,5347,5563,5813,5902,6201,6324,6367,6731,8013,8567,8709,9729,10022,,,,,,,,,,,,,,,,,,,,,,,,,,,
3,MASPR,95,172,175,178,190,195,230,238,571,839,1027,1071,1740,1965,2067,2342,2370,2712,2877,3182,3654,4169,4909,5687,6367,6620,6723,7127,8046,8085,8604,8709,8889,9056,9644,9710,10100,,,,,,,,,,,,,,,,,,,,,,,,,,,,
2,NHDUR,95,319,509,811,1247,1277,1307,1512,1721,1831,1922,2262,2523,3451,3597,4546,4905,4925,5265,5459,5491,5813,5902,6161,6690,6691,6933,7674,7913,8046,8410,8421,8544,8708,9055,9101,9732,10083,10125,,,,,,,,,,,,,,,,,,,,,,,,,,
4,MAWOR,61,69,126,151,157,190,237,467,663,1027,1100,1699,1735,1768,2262,3566,3623,3958,4048,4564,4905,4987,5347,5491,6153,6333,6620,6895,6933,7153,7760,8544,8567,9096,9101,9644,10022,10100,,,,,,,,,,,,,,,,,,,,,,,,,,,
6,NECMG,,,,,,,,,,,,,,,,,,,,,,,,,,,,,,,,,,,,,,,,,,,,,,,,,,,,,,,,,,,,,,,,,
6,NECMR,,,,,,,,,,,,,,,,,,,,,,,,,,,,,,,,,,,,,,,,,,,,,,,,,,,,,,,,,,,,,,,,,
6,NECMP,,,,,,,,,,,,,,,,,,,,,,,,,,,,,,,,,,,,,,,,,,,,,,,,,,,,,,,,,,,,,,,,,
5,ONNEW,865,1241,1325,2013,3756,4015,4152,4343,4940,4946,4951,4976,5032,5870,6397,6514,6854,6975,7058,7475,7476,7480,7603,7690,8089,8349,8574,8729,8765,8884,9569,9580,9785,10026,10061,,,,,,,,,,,,,,,,,,,,,,,,,,,,,,
4,ONSCA,188,1246,1285,1325,2168,2634,3655,4476,4946,5031,5036,5719,6070,6140,6141,6866,6975,6977,7520,7558,7603,7712,7902,8574,8764,9262,9525,9569,9621,9659,9782,10026,10135,,,,,,,,,,,,,,,,,,,,,,,,,,,,,,,,
3,ONBAR,854,1114,1305,1360,2013,2198,4039,4130,4152,4903,4920,4992,5406,5689,5719,5834,5885,6859,6864,6865,7520,7690,7757,8081,8349,8731,9525,9580,9589,9592,10061,10080,10115,,,,,,,,,,,,,,,,,,,,,,,,,,,,,,,,
2,ONOSH,1246,1305,1334,2200,2609,2706,2708,3543,4476,5031,5505,5672,6110,6141,6514,6866,6977,6987,7200,7476,7480,7712,8729,8731,8789,9127,9527,9621,9785,10026,10135,,,,,,,,,,,,,,,,,,,,,,,,,,,,,,,,,,
2,ONTOR,188,610,854,865,1241,1285,1310,1325,2198,2634,2702,2935,3161,3560,4015,4308,4946,4976,5032,5408,5596,5834,6070,6135,6140,6397,6632,7022,7136,7558,7659,7902,8764,8884,9098,9262,9263,9575,9678,9782,,,,,,,,,,,,,,,,,,,,,,,,,
3,ONWAT,772,781,1241,2056,2609,2702,3161,3683,3739,3756,4069,4617,4678,4688,4907,4917,5024,5870,6162,6725,6854,6875,6992,7022,7058,7475,7509,7623,7722,8089,8765,8789,9062,9098,9562,9663,9678,10144,10193,10204,,,,,,,,,,,,,,,,,,,,,,,,,
1,ONNOR,771,781,1305,1310,1334,2013,2200,2386,2706,2708,2852,3543,3560,3739,4039,4069,4343,4476,5036,5406,5672,6110,6328,6632,6859,6864,6865,6978,6987,7520,9127,9589,9592,10080,10115,,,,,,,,,,,,,,,,,,,,,,,,,,,,,,
5,ONHAM,216,244,288,771,1114,1334,1360,2056,2200,2386,2609,2852,3538,4039,4308,4617,4992,5406,5409,5460,5912,6978,7200,7509,7623,7722,9062,9263,9562,9575,10080,10144,10193,10204,,,,,,,,,,,,,,,,,,,,,,,,,,,,,,,
1,ONWIN,33,610,772,1285,2056,2771,2935,3683,4678,4688,4903,4907,4917,4920,4940,4951,5024,5408,5409,5596,5689,5885,5912,6135,6162,6725,6875,6992,7136,7659,7757,8081,9527,9659,9663,,,,,,,,,,,,,,,,,,,,,,,,,,,,,,
6,ONCMS,,,,,,,,,,,,,,,,,,,,,,,,,,,,,,,,,,,,,,,,,,,,,,,,,,,,,,,,,,,,,,,,,
6,ONCMT,,,,,,,,,,,,,,,,,,,,,,,,,,,,,,,,,,,,,,,,,,,,,,,,,,,,,,,,,,,,,,,,,
6,ONCMP,,,,,,,,,,,,,,,,,,,,,,,,,,,,,,,,,,,,,,,,,,,,,,,,,,,,,,,,,,,,,,,,,
5,ORORE,1540,2374,2471,2521,2550,2557,2635,2733,2811,2898,2915,2926,3218,3636,3673,3674,3712,4104,4127,4488,4513,4662,5468,5970,5975,6343,6443,6696,6831,6845,7034,9438,9567,9613,10103,,,,,,,,,,,,,,,,,,,,,,,,,,,,,,
5,WASNO,360,488,949,1778,1899,2147,2412,2522,2903,2907,2910,2930,2980,3070,3268,3663,3681,3826,4061,4089,4173,4512,4911,4918,5683,5941,6076,6350,7461,7627,8248,9036,9450,9680,10122,,,,,,,,,,,,,,,,,,,,,,,,,,,,,,
1,ORSAL,492,749,753,847,955,957,997,1318,1359,1425,1540,1983,2046,2374,2521,2557,2635,2928,2990,3024,3681,4043,4089,4125,5295,5468,5975,6443,6465,9430,9567,9600,10052,10103,,,,,,,,,,,,,,,,,,,,,,,,,,,,,,,
2,WAAUB,360,1294,1983,2046,2557,2906,2907,2927,2928,2929,2976,3049,3070,3219,3393,3588,3663,3786,4180,4450,4469,4579,4682,4911,4915,5588,5683,5827,8051,8302,8303,8896,9446,9581,10059,,,,,,,,,,,,,,,,,,,,,,,,,,,,,,
2,WAYAK,955,1318,1595,2147,2412,2811,2903,2910,2926,2930,2980,3574,3712,3826,3876,4060,4061,4104,4125,4131,4512,4513,4692,4980,5920,6076,6343,6350,6831,8532,9438,9442,9613,9680,10103,,,,,,,,,,,,,,,,,,,,,,,,,,,,,,
4,WABON,948,955,1318,1595,1778,2046,2522,2906,2907,2927,2929,3049,3218,3219,3268,3393,3786,4060,4131,4450,4469,4579,4682,4692,5295,5937,5941,6350,7627,8032,8302,8303,8896,9023,9446,9581,,,,,,,,,,,,,,,,,,,,,,,,,,,,,
3,ORWIL,749,753,847,957,997,1359,1425,1540,2471,2550,2733,2811,2898,2915,2990,3024,3636,3673,3674,4043,4127,4488,4662,5920,5970,6343,6443,6465,6696,6845,7034,8532,9430,9600,10052,,,,,,,,,,,,,,,,,,,,,,,,,,,,,,
3,WABEL,488,492,948,949,1294,1318,1899,1983,2412,2976,2980,3574,3588,3681,3876,4089,4131,4173,4180,4911,4915,4918,4980,5588,5827,5937,7461,8051,8248,9023,9036,9442,9450,10059,10122,,,,,,,,,,,,,,,,,,,,,,,,,,,,,,
6,PNCMP,,,,,,,,,,,,,,,,,,,,,,,,,,,,,,,,,,,,,,,,,,,,,,,,,,,,,,,,,,,,,,,,,
5,GADAL,1683,1746,2974,3329,3344,3635,4188,4459,4509,4516,4701,4730,5608,5828,5900,6023,6340,6705,6712,6887,6910,6919,6944,7104,7470,7538,8080,8577,8761,8815,8849,8865,9057,9477,9480,9500,9561,9770,10142,10218,,,,,,,,,,,,,,,,,,,,,,,,,
3,GALAW,832,1002,1261,1414,1683,1746,1795,3091,3815,4026,4112,4189,4468,5074,5109,5219,5293,5608,5651,6829,6905,6925,6944,7451,7514,7676,8100,8577,8736,8865,8866,9260,9477,9480,9522,9561,9582,9770,10002,10117,,,,,,,,,,,,,,,,,,,,,,,,,
2,GACAR,832,1414,1648,1771,2415,2974,3344,3815,4188,4240,4459,4468,4509,4516,5109,5848,5900,6023,6340,6705,6712,6887,6910,6919,6925,7538,8080,8100,8736,8761,8849,8866,9057,9086,9500,9582,10002,10047,10117,10142,,,,,,,,,,,,,,,,,,,,,,,,,
1,GAALB,1002,1261,1648,1683,1771,1795,2415,3091,3329,3635,4026,4112,4188,4189,4240,4701,4730,5074,5219,5293,5651,5828,5848,6705,6829,6905,6919,7104,7451,7470,7514,7676,8815,9086,9260,9522,10047,10218,,,,,,,,,,,,,,,,,,,,,,,,,,,
6,GACMP,,,,,,,,,,,,,,,,,,,,,,,,,,,,,,,,,,,,,,,,,,,,,,,,,,,,,,,,,,,,,,,,,
1,SCAND,190,281,342,343,1051,1102,1287,1293,1319,1539,1758,2815,2974,3489,3490,3976,4451,4533,4926,5109,5130,6167,6366,6925,6932,6961,7085,8137,8575,9315,9571,10017,10195,,,,,,,,,,,,,,,,,,,,,,,,,,,,,,,,
4,SCNCH,166,281,342,343,1051,1102,1261,1287,1293,1319,1539,1758,2415,2815,3489,3490,3976,4451,4533,5130,5188,6167,6366,6829,6961,7085,7763,8137,8575,9315,9571,10017,10142,10195,,,,,,,,,,,,,,,,,,,,,,,,,,,,,,,
2,SCGRE,281,342,343,829,1051,1102,1225,1287,1293,1319,1539,1747,1758,2640,2815,3336,3489,3490,3976,4451,4533,5130,5727,6167,6366,6961,7085,8137,8575,9315,9496,9571,10017,10195,10218,,,,,,,,,,,,,,,,,,,,,,,,,,,,,,
6,SCCMP,,,,,,,,,,,,,,,,,,,,,,,,,,,,,,,,,,,,,,,,,,,,,,,,,,,,,,,,,,,,,,,,,